City_ID,City,Cloudiness,Country,Current Description,Date,Humidity,Lat,Lng,Max Temp,Wind Speed
0,Mataura,16,NZ,few clouds,2022-02-10 02:30:10,29,-46.1927,168.8643,75.47,8.25
1,Villa Sandino,8,NI,clear sky,2022-02-10 02:30:11,89,12.0483,-84.9936,68.59,8.12
2,Cape Town,75,ZA,broken clouds,2022-02-10 02:27:20,89,-33.9258,18.4232,68.88,5.75
3,Busselton,5,AU,clear sky,2022-02-10 02:30:12,36,-33.65,115.3333,83.05,3.02
4,Ribeira Grande,1,PT,clear sky,2022-02-10 02:30:12,70,38.5167,-28.7,59.14,12.91
5,Erdenet,100,MN,overcast clouds,2022-02-10 02:30:13,88,49.0333,104.0833,0.39,2.68
6,Port Alfred,1,ZA,clear sky,2022-02-10 02:20:53,84,-33.5906,26.891,64.9,9.08
7,Saint-Philippe,51,RE,broken clouds,2022-02-10 02:22:11,79,-21.3585,55.7679,74.79,2.59
8,Hobart,75,AU,broken clouds,2022-02-10 02:30:07,43,-42.8794,147.3294,73.26,16.11
9,Melbourne,0,US,clear sky,2022-02-10 02:28:29,76,28.0836,-80.6081,59.97,9.22
10,Coquimbo,100,CL,overcast clouds,2022-02-10 02:28:41,88,-29.9533,-71.3436,64.13,6.91
11,Saskylakh,99,RU,overcast clouds,2022-02-10 02:20:57,90,71.9167,114.0833,-0.47,13.47
12,Upernavik,100,GL,overcast clouds,2022-02-10 02:30:14,79,72.7868,-56.1549,-13.56,8.37
13,Bredasdorp,100,ZA,overcast clouds,2022-02-10 02:20:50,88,-34.5322,20.0403,63.72,6.91
14,Severo-Kurilsk,100,RU,overcast clouds,2022-02-10 02:30:15,71,50.6789,156.125,30.78,18.48
15,Lorengau,62,PG,broken clouds,2022-02-10 02:30:16,74,-2.0226,147.2712,84.15,8.7
16,Parrita,23,CR,few clouds,2022-02-10 02:30:16,81,9.5201,-84.3225,82.17,2.91
17,Avarua,20,CK,few clouds,2022-02-10 02:20:45,83,-21.2078,-159.775,80.65,13.8
18,Bambanglipuro,99,ID,moderate rain,2022-02-10 02:30:17,72,-7.95,110.2833,82.71,12.95
19,Sedam,35,IN,scattered clouds,2022-02-10 02:30:17,59,17.1773,77.2824,71.87,3.24
20,Victoria,93,HK,overcast clouds,2022-02-10 02:30:18,84,22.2855,114.1577,66.94,1.99
21,Bethel,0,US,clear sky,2022-02-10 02:30:18,80,41.3712,-73.414,36.48,0.0
22,Borovskoy,73,KZ,broken clouds,2022-02-10 02:30:19,99,53.8,64.15,0.21,6.4
23,Ancud,92,CL,overcast clouds,2022-02-10 02:30:19,72,-41.8697,-73.8203,53.42,10.71
24,Ningyang,2,CN,clear sky,2022-02-10 02:30:20,58,35.7642,116.7914,43.38,7.25
25,Lakes Entrance,100,AU,overcast clouds,2022-02-10 02:30:20,66,-37.8811,147.981,71.17,10.2
26,Cherskiy,90,RU,overcast clouds,2022-02-10 02:21:35,98,68.75,161.3,-38.7,4.85
27,Waipawa,99,NZ,overcast clouds,2022-02-10 02:30:21,63,-41.4122,175.5153,72.23,8.08
28,Flin Flon,100,CA,light snow,2022-02-10 02:30:22,96,54.7682,-101.865,5.81,5.32
29,Adre,0,TD,clear sky,2022-02-10 02:30:22,17,13.4667,22.2,59.04,13.56
30,Samarai,85,PG,overcast clouds,2022-02-10 02:30:22,67,-10.6167,150.6667,83.3,12.55
31,Ushuaia,75,AR,broken clouds,2022-02-10 02:28:45,46,-54.8,-68.3,47.86,18.41
32,Yelkhovka,100,RU,snow,2022-02-10 02:30:23,95,53.8667,50.2832,20.16,17.11
33,Keffi,67,NG,broken clouds,2022-02-10 02:30:24,14,8.8486,7.8736,73.78,4.47
34,Punta Arenas,40,CL,scattered clouds,2022-02-10 02:20:49,57,-53.15,-70.9167,46.51,24.16
35,Iqaluit,40,CA,scattered clouds,2022-02-10 02:30:24,74,63.7506,-68.5145,-27.31,4.61
36,Bengkulu,100,ID,light rain,2022-02-10 02:30:25,62,-3.8004,102.2655,79.79,3.98
37,Carnarvon,0,AU,clear sky,2022-02-10 02:30:25,61,-24.8667,113.6333,84.27,12.66
38,Tuktoyaktuk,75,CA,broken clouds,2022-02-10 02:21:03,76,69.4541,-133.0374,-20.2,12.66
39,Arraial Do Cabo,93,BR,overcast clouds,2022-02-10 02:24:47,88,-22.9661,-42.0278,70.5,9.01
40,Albany,100,US,overcast clouds,2022-02-10 02:25:56,64,42.6001,-73.9662,40.68,4.25
41,Simao,3,CN,clear sky,2022-02-10 02:26:19,42,22.7886,100.9748,59.05,2.42
42,Dapaong,1,TG,clear sky,2022-02-10 02:30:27,13,10.8639,0.205,74.3,7.49
43,Barrow,100,US,light snow,2022-02-10 02:22:12,69,71.2906,-156.7887,-20.18,10.36
44,Atuona,10,PF,clear sky,2022-02-10 02:21:17,76,-9.8,-139.0333,78.55,17.49
45,Torbay,75,CA,broken clouds,2022-02-10 02:21:02,91,47.6666,-52.7314,35.58,27.63
46,Soe,100,ID,moderate rain,2022-02-10 02:30:28,76,-9.8607,124.284,76.98,2.71
47,Butaritari,100,KI,light rain,2022-02-10 02:20:58,77,3.0707,172.7902,81.79,15.26
48,New Norfolk,10,AU,clear sky,2022-02-10 02:20:07,31,-42.7826,147.0587,72.91,9.31
49,Bambous Virieux,40,MU,scattered clouds,2022-02-10 02:23:29,94,-20.3428,57.7575,74.21,2.3
50,Castro,22,BR,few clouds,2022-02-10 02:31:29,99,-24.7911,-50.0119,58.24,5.73
51,Alofi,40,NU,scattered clouds,2022-02-10 02:31:29,70,-19.0595,-169.9187,85.89,8.05
52,Yining,97,CN,overcast clouds,2022-02-10 02:31:30,84,29.0361,114.5636,43.39,2.24
53,Mocorito,100,MX,overcast clouds,2022-02-10 02:31:30,51,25.4833,-107.9167,59.27,0.34
54,Kisangani,41,CD,scattered clouds,2022-02-10 02:31:31,89,0.5167,25.2,70.48,2.75
55,Pervoye Maya,100,RU,light snow,2022-02-10 02:31:31,97,56.164,44.7196,20.91,3.04
56,Mar Del Plata,0,AR,clear sky,2022-02-10 02:27:24,82,-38.0023,-57.5575,70.09,21.99
57,Biak,100,ID,overcast clouds,2022-02-10 02:31:32,79,-0.9131,122.8766,80.58,1.34
58,Broome,100,US,overcast clouds,2022-02-10 02:23:27,63,42.2506,-75.833,42.21,10.0
59,Rikitea,50,PF,scattered clouds,2022-02-10 02:26:14,72,-23.1203,-134.9692,79.07,16.42
60,Novikovo,95,RU,light snow,2022-02-10 02:31:33,92,51.1537,37.8879,28.04,11.21
61,Qaanaaq,94,GL,overcast clouds,2022-02-10 02:31:34,64,77.484,-69.3632,-21.46,6.93
62,Sao Mateus,16,BR,few clouds,2022-02-10 02:31:34,95,-18.7161,-39.8589,73.74,3.69
63,Tomatlan,0,MX,clear sky,2022-02-10 02:31:35,67,19.9333,-105.25,63.1,2.82
64,East London,0,ZA,clear sky,2022-02-10 02:26:13,77,-33.0153,27.9116,67.59,6.02
65,Bandarbeyla,99,SO,overcast clouds,2022-02-10 02:31:36,69,9.4942,50.8122,72.28,13.91
66,Puerto Ayora,96,EC,overcast clouds,2022-02-10 02:31:16,83,-0.7393,-90.3518,73.74,5.86
67,Karratha,6,AU,clear sky,2022-02-10 02:31:36,58,-20.7377,116.8463,89.24,17.54
68,Port Elizabeth,8,ZA,clear sky,2022-02-10 02:31:37,81,-33.918,25.5701,64.58,7.45
69,El Espinal,26,MX,scattered clouds,2022-02-10 02:31:37,72,16.3333,-94.0667,65.03,9.35
70,Novyye Burasy,100,RU,light snow,2022-02-10 02:31:38,98,52.1324,46.0714,25.95,3.02
71,Strezhevoy,13,RU,few clouds,2022-02-10 02:31:39,100,60.7333,77.5889,-11.22,4.5
72,College,100,US,light snow,2022-02-10 02:30:12,77,64.8569,-147.8028,-2.25,5.75
73,Shangrao,95,CN,overcast clouds,2022-02-10 02:31:39,82,28.4532,117.9686,45.97,4.76
74,Sedkyrkeshch,100,RU,overcast clouds,2022-02-10 02:31:40,86,61.75,50.9167,19.67,11.18
75,Dikson,100,RU,overcast clouds,2022-02-10 02:31:40,94,73.5069,80.5464,4.48,21.68
76,Pacific Grove,94,US,overcast clouds,2022-02-10 02:31:41,51,36.6177,-121.9166,67.69,3.0
77,Nome,40,US,scattered clouds,2022-02-10 02:31:41,70,64.5011,-165.4064,-11.13,5.75
78,Guayaramerin,100,BO,overcast clouds,2022-02-10 02:31:42,98,-10.8368,-65.3614,72.63,2.59
79,Hamilton,100,US,overcast clouds,2022-02-10 02:27:43,66,39.1834,-84.5333,44.64,12.66
80,Bluff,45,NZ,scattered clouds,2022-02-10 02:31:43,84,-46.6,168.3333,75.79,12.62
81,Khatanga,77,RU,broken clouds,2022-02-10 02:31:43,94,71.9667,102.5,-3.3,14.5
82,Boende,100,CD,overcast clouds,2022-02-10 02:31:44,65,-0.2167,20.8667,73.08,2.26
83,Mizdah,0,LY,clear sky,2022-02-10 02:31:45,78,31.4451,12.9801,42.62,5.64
84,Hilo,20,US,few clouds,2022-02-10 02:31:45,72,19.7297,-155.09,76.73,6.91
85,Vaini,40,TO,scattered clouds,2022-02-10 02:31:46,89,-21.2,-175.2,84.36,10.36
86,Cidreira,94,BR,overcast clouds,2022-02-10 02:31:47,71,-30.1811,-50.2056,72.05,13.62
87,Port Blair,20,IN,few clouds,2022-02-10 02:31:47,74,11.6667,92.75,82.44,11.5
88,Kutum,0,SD,clear sky,2022-02-10 02:23:25,21,14.2,24.6667,53.69,6.55
89,Rongcheng,95,CN,overcast clouds,2022-02-10 02:31:48,72,30.634,117.8517,45.43,3.83
90,Jamestown,40,US,scattered clouds,2022-02-10 02:31:48,37,42.097,-79.2353,45.72,10.36
91,Pochutla,28,MX,scattered clouds,2022-02-10 02:31:49,79,15.7432,-96.4661,77.85,3.78
92,Longyearbyen,20,SJ,few clouds,2022-02-10 02:32:49,85,78.2186,15.6401,13.84,6.91
93,Necochea,2,AR,clear sky,2022-02-10 02:30:05,67,-38.5473,-58.7368,68.04,11.99
94,Cardinal,20,CA,few clouds,2022-02-10 02:32:50,64,44.7834,-75.3826,42.75,4.61
95,General Teran,22,MX,few clouds,2022-02-10 02:32:50,61,25.2667,-99.6833,57.76,7.05
96,Puerto Escondido,0,MX,clear sky,2022-02-10 02:28:47,73,15.85,-97.0667,79.63,0.0
97,Norman Wells,100,CA,light snow,2022-02-10 02:32:51,64,65.282,-126.8329,-7.56,3.44
98,Luderitz,81,NA,broken clouds,2022-02-10 02:32:52,51,-26.6481,15.1594,73.38,17.31
99,Ponta Do Sol,100,PT,overcast clouds,2022-02-10 02:24:58,29,32.6667,-17.1,70.72,3.8
100,Guinabsan,100,PH,overcast clouds,2022-02-10 02:32:52,72,8.8975,125.4161,82.62,1.34
101,Marsa Matruh,40,EG,scattered clouds,2022-02-10 02:32:53,62,31.3525,27.2453,52.0,16.11
102,Srednekolymsk,59,RU,broken clouds,2022-02-10 02:32:54,96,67.45,153.6833,-31.31,6.4
103,Constitucion,2,CL,clear sky,2022-02-10 02:28:46,86,-35.3333,-72.4167,58.46,6.85
104,Sitka,100,US,light rain,2022-02-10 02:23:36,87,57.0531,-135.33,42.69,18.41
105,Isfara,91,TJ,overcast clouds,2022-02-10 02:32:55,49,40.1265,70.6253,33.96,2.39
106,Tura,51,IN,broken clouds,2022-02-10 02:23:03,63,25.5198,90.2201,61.27,1.54
107,Portland,40,US,scattered clouds,2022-02-10 02:32:26,80,45.5234,-122.6762,54.7,3.0
108,Ilulissat,20,GL,few clouds,2022-02-10 02:32:55,67,69.2167,-51.1,10.42,23.02
109,Moussoro,0,TD,clear sky,2022-02-10 02:32:56,13,13.6408,16.4901,61.54,12.1
110,Aksarka,95,RU,overcast clouds,2022-02-10 02:32:56,97,66.5606,67.7975,2.93,9.55
111,Churapcha,97,RU,overcast clouds,2022-02-10 02:32:57,92,62.0025,132.4325,-15.97,3.38
112,Airai,85,TL,overcast clouds,2022-02-10 02:32:57,83,-8.9266,125.4092,69.64,1.19
113,Kiunga,99,PG,overcast clouds,2022-02-10 02:32:58,90,-6.1219,141.2906,79.43,3.09
114,Ewa Beach,40,US,scattered clouds,2022-02-10 02:32:58,60,21.3156,-158.0072,80.55,16.11
115,Walvis Bay,0,NA,clear sky,2022-02-10 02:32:59,94,-22.9575,14.5053,67.08,3.44
116,Souillac,40,MU,scattered clouds,2022-02-10 02:32:59,94,-20.5167,57.5167,74.35,2.3
117,Swan River,97,CA,overcast clouds,2022-02-10 02:33:00,86,52.1058,-101.2676,17.49,9.22
118,Northam,100,GB,light rain,2022-02-10 02:33:00,88,51.0333,-4.2167,45.3,11.56
119,Moerai,100,PF,light rain,2022-02-10 02:33:00,78,-22.4333,-151.3333,79.97,12.15
120,Carauari,93,BR,light rain,2022-02-10 02:33:01,99,-4.8828,-66.8958,72.72,1.25
121,Pinillos,99,CO,overcast clouds,2022-02-10 02:33:01,95,8.9193,-74.4677,75.0,3.42
122,Hasaki,100,JP,overcast clouds,2022-02-10 02:24:59,81,35.7333,140.8333,41.4,15.86
123,Kaeo,100,NZ,overcast clouds,2022-02-10 02:33:02,83,-35.1,173.7833,78.33,8.48
124,Oda,86,JP,overcast clouds,2022-02-10 02:33:02,62,35.1833,132.5,48.97,5.86
125,Sao Joao Da Barra,100,BR,overcast clouds,2022-02-10 02:33:03,97,-21.6403,-41.0511,68.47,10.18
126,Boden,87,SE,overcast clouds,2022-02-10 02:33:03,81,65.8252,21.6886,21.2,8.93
127,Betanzos,0,ES,clear sky,2022-02-10 02:33:04,81,43.2804,-8.2147,52.97,3.44
128,Sukhobuzimskoye,7,RU,clear sky,2022-02-10 02:33:04,98,56.5,93.2728,-23.31,1.05
129,Thompson,100,CA,overcast clouds,2022-02-10 02:33:05,71,55.7435,-97.8558,-2.04,3.44
130,Kollo,0,NE,clear sky,2022-02-10 02:33:05,12,13.3043,2.339,72.03,10.56
131,Tasiilaq,100,GL,overcast clouds,2022-02-10 02:28:44,54,65.6145,-37.6368,14.16,8.7
132,Ostersund,37,SE,scattered clouds,2022-02-10 02:33:06,86,63.1792,14.6357,30.65,18.41
133,La Sarre,99,CA,overcast clouds,2022-02-10 02:30:06,95,48.8002,-79.1996,28.96,10.04
134,Shumskiy,99,RU,overcast clouds,2022-02-10 02:33:06,93,54.8318,99.1328,-8.81,0.87
135,Aykhal,100,RU,overcast clouds,2022-02-10 02:33:07,66,66.0,111.5,-4.59,2.84
136,Cap-Aux-Meules,20,CA,few clouds,2022-02-10 02:33:07,93,47.3821,-61.8597,26.62,8.05
137,Jackson,0,US,clear sky,2022-02-10 02:33:08,59,42.4165,-122.8345,60.04,0.0
138,Egvekinot,26,RU,scattered clouds,2022-02-10 02:33:08,89,66.3167,-179.1667,-23.96,6.2
139,Nara,100,JP,overcast clouds,2022-02-10 02:29:25,60,34.6851,135.8049,45.91,2.55
140,San Quintin,0,MX,clear sky,2022-02-10 02:34:09,50,30.4833,-115.95,60.58,1.83
141,Hermanus,99,ZA,light rain,2022-02-10 02:34:10,86,-34.4187,19.2345,66.9,6.44
142,Quatre Cocos,75,MU,broken clouds,2022-02-10 02:34:10,77,-20.2078,57.7625,74.08,5.57
143,Nikolskoye,100,RU,light snow,2022-02-10 02:34:11,93,59.7035,30.7861,35.71,11.25
144,Sisimiut,100,GL,overcast clouds,2022-02-10 02:34:11,96,66.9395,-53.6735,-1.93,6.8
145,Surskoye,100,RU,light snow,2022-02-10 02:34:12,96,54.4821,46.7214,25.05,9.6
146,Saint George,0,US,clear sky,2022-02-10 02:28:38,25,37.1041,-113.5841,61.39,19.57
147,Ipubi,91,BR,overcast clouds,2022-02-10 02:34:12,69,-7.6519,-40.1489,73.71,3.8
148,Port Lincoln,26,AU,scattered clouds,2022-02-10 02:34:13,51,-34.7333,135.8667,70.83,10.36
149,Katherine,75,AU,broken clouds,2022-02-10 02:34:14,55,-14.4667,132.2667,89.92,9.22
150,Barinas,100,VE,overcast clouds,2022-02-10 02:34:14,61,8.6226,-70.2075,84.24,1.14
151,Leningradskiy,83,RU,broken clouds,2022-02-10 02:29:15,97,69.3833,178.4167,-28.79,6.26
152,Pangnirtung,100,CA,overcast clouds,2022-02-10 02:27:24,97,66.1451,-65.7125,-20.31,5.59
153,Kartaly,100,RU,overcast clouds,2022-02-10 02:34:15,100,53.0522,60.6467,-5.66,2.66
154,Kelamangalam,19,IN,few clouds,2022-02-10 02:34:16,65,12.6,77.85,63.73,5.57
155,Cabo San Lucas,20,MX,few clouds,2022-02-10 02:26:11,71,22.8909,-109.9124,71.51,9.22
156,Smithers,100,CA,light rain,2022-02-10 02:30:34,93,54.7804,-127.1743,39.52,5.75
157,Giyani,24,ZA,few clouds,2022-02-10 02:34:17,82,-23.3025,30.7187,70.27,4.23
158,Colborne,100,CA,overcast clouds,2022-02-10 02:34:17,98,44.0001,-77.8828,38.59,7.9
159,Kapaa,75,US,broken clouds,2022-02-10 02:34:18,70,22.0752,-159.319,78.78,6.91
160,Husavik,79,IS,broken clouds,2022-02-10 02:34:18,78,66.0449,-17.3389,10.31,7.81
161,Komsomolskiy,100,UZ,mist,2022-02-10 02:34:19,86,40.4272,71.7189,33.22,6.91
162,Kodiak,0,US,clear sky,2022-02-10 02:24:49,42,57.79,-152.4072,20.71,14.97
163,Dingle,12,PH,few clouds,2022-02-10 02:21:05,65,10.9995,122.6711,82.83,16.35
164,Saldanha,50,ZA,scattered clouds,2022-02-10 02:34:20,93,-33.0117,17.9442,64.45,4.59
165,Lenauheim,1,RO,clear sky,2022-02-10 02:34:20,88,45.8719,20.7994,36.21,6.08
166,Havre-Saint-Pierre,100,CA,overcast clouds,2022-02-10 02:24:46,100,50.2334,-63.5986,30.2,5.75
167,Asfi,16,MA,few clouds,2022-02-10 02:34:21,49,32.2994,-9.2372,61.36,7.4
168,Borogontsy,95,RU,overcast clouds,2022-02-10 02:34:22,93,62.6683,131.1683,-19.52,4.27
169,Chhindwara,5,IN,clear sky,2022-02-10 02:34:22,55,22.0667,78.9333,62.71,12.15
170,Rocha,0,UY,clear sky,2022-02-10 02:34:23,87,-34.4833,-54.3333,60.44,5.99
171,Ndele,15,CF,few clouds,2022-02-10 02:34:23,18,8.4109,20.6473,67.64,5.39
172,Sinnamary,33,GF,scattered clouds,2022-02-10 02:34:24,87,5.3833,-52.95,75.88,7.61
173,Bubaque,4,GW,clear sky,2022-02-10 02:34:24,71,11.2833,-15.8333,77.22,4.25
174,Lucea,9,JM,clear sky,2022-02-10 02:34:25,78,18.451,-78.1736,76.86,0.63
175,Georgetown,40,MY,scattered clouds,2022-02-10 02:31:07,88,5.4112,100.3354,82.33,6.91
176,Estreito,18,BR,few clouds,2022-02-10 02:34:26,97,-5.7833,-43.25,70.95,3.67
177,Ola,95,RU,overcast clouds,2022-02-10 02:34:26,67,59.5833,151.2833,6.51,3.49
178,Carolina,40,PR,scattered clouds,2022-02-10 02:30:26,81,18.3808,-65.9574,76.89,3.44
179,Sioux Lookout,100,CA,overcast clouds,2022-02-10 02:27:22,72,50.1001,-91.917,7.18,11.5
180,Pandan,100,PH,overcast clouds,2022-02-10 02:34:27,72,14.0453,124.1694,80.82,15.46
181,Havelock,0,US,clear sky,2022-02-10 02:30:23,90,34.8791,-76.9013,46.94,5.75
182,Bukachacha,100,RU,overcast clouds,2022-02-10 02:34:28,82,52.9833,116.9167,7.41,1.16
183,Itoman,75,JP,broken clouds,2022-02-10 02:34:28,77,26.1247,127.6694,66.58,19.57
184,Antsohihy,100,MG,overcast clouds,2022-02-10 02:34:28,96,-14.8796,47.9875,74.32,3.04
185,Sao Filipe,99,CV,overcast clouds,2022-02-10 02:34:29,54,14.8961,-24.4956,77.05,6.15
186,Kangaatsiaq,96,GL,overcast clouds,2022-02-10 02:28:44,98,68.3065,-53.4641,-11.27,13.94
187,Urumqi,75,CN,mist,2022-02-10 02:33:25,79,43.801,87.6005,13.15,2.24
188,Nantucket,0,US,clear sky,2022-02-10 02:35:30,86,41.2835,-70.0995,37.51,4.61
189,Narsaq,97,GL,overcast clouds,2022-02-10 02:35:31,69,60.9167,-46.05,16.02,10.42
190,Acapulco,40,MX,scattered clouds,2022-02-10 02:33:31,69,16.8634,-99.8901,78.62,4.61
191,Roald,100,NO,overcast clouds,2022-02-10 02:35:31,70,62.5833,6.1333,37.54,11.5
192,Gravdal,100,NO,light rain,2022-02-10 02:35:32,83,68.1214,13.5031,38.14,11.86
193,Moville,56,US,broken clouds,2022-02-10 02:35:32,68,42.4889,-96.0725,35.24,11.34
194,Salalah,0,OM,clear sky,2022-02-10 02:35:33,23,17.0151,54.0924,69.89,12.66
195,Ulladulla,44,AU,scattered clouds,2022-02-10 02:35:33,56,-35.35,150.4667,91.76,6.24
196,Trois-Rivieres,100,CA,overcast clouds,2022-02-10 02:32:31,82,46.3501,-72.5491,29.75,3.44
197,Marzuq,6,YE,clear sky,2022-02-10 02:35:34,37,14.4,46.4667,56.39,1.97
198,Dezful,0,IR,clear sky,2022-02-10 02:35:35,43,32.3811,48.4058,53.17,7.27
199,Esmeralda,6,CU,clear sky,2022-02-10 02:35:35,88,21.8525,-78.1169,72.64,2.37
200,Concepcion,0,CL,clear sky,2022-02-10 02:35:36,51,-36.827,-73.0498,62.4,8.05
201,Mayo,0,US,clear sky,2022-02-10 02:35:36,71,38.8876,-76.5119,48.24,12.66
202,Mapiripan,100,CO,overcast clouds,2022-02-10 02:35:37,91,2.8892,-72.1256,71.67,1.59
203,Kulhudhuffushi,89,MV,overcast clouds,2022-02-10 02:35:37,74,6.6221,73.07,80.15,5.99
204,Rundu,85,NA,overcast clouds,2022-02-10 02:35:38,85,-17.9333,19.7667,68.54,2.95
205,Berdigestyakh,64,RU,broken clouds,2022-02-10 02:22:52,96,62.0989,126.6992,-22.83,1.36
206,Puerto Ayacucho,97,VE,overcast clouds,2022-02-10 02:35:39,88,5.6639,-67.6236,76.64,3.0
207,Sterling,0,US,clear sky,2022-02-10 02:31:57,55,39.0062,-77.4286,48.34,9.22
208,Nouadhibou,27,MR,scattered clouds,2022-02-10 02:35:39,33,20.931,-17.0347,71.58,13.8
209,Abong Mbang,100,CM,overcast clouds,2022-02-10 02:35:40,34,3.9833,13.1833,62.29,3.6
210,Manaure,33,CO,scattered clouds,2022-02-10 02:35:40,78,11.7751,-72.4445,77.56,15.95
211,Cayenne,75,GF,light rain,2022-02-10 02:35:25,92,4.9333,-52.3333,75.24,9.22
212,Krasnoselkup,20,RU,few clouds,2022-02-10 02:35:41,88,65.7,82.4667,-12.87,9.22
213,Labuhan,100,ID,overcast clouds,2022-02-10 02:35:42,73,-6.8844,112.2051,82.99,9.26
214,Nagato,100,JP,overcast clouds,2022-02-10 02:35:42,89,34.3833,131.2,48.15,15.17
215,Clyde River,100,CA,light snow,2022-02-10 02:28:53,77,70.4692,-68.5914,-12.77,32.21
216,Katsuura,100,JP,moderate rain,2022-02-10 02:35:43,78,35.1333,140.3,42.82,17.67
217,Tame,100,CO,overcast clouds,2022-02-10 02:35:43,81,6.461,-71.73,73.33,4.92
218,Kimbe,50,PG,light rain,2022-02-10 02:35:44,65,-5.5502,150.1429,87.37,7.31
219,Eyl,21,SO,few clouds,2022-02-10 02:35:44,75,7.9803,49.8164,70.45,14.27
220,Kaspiyskiy,100,RU,overcast clouds,2022-02-10 02:35:45,92,45.3929,47.3707,38.68,14.9
221,Yarkovo,10,RU,clear sky,2022-02-10 02:35:45,97,57.4028,67.0786,-3.55,6.85
222,Nouakchott,9,MR,clear sky,2022-02-10 02:35:46,24,18.0858,-15.9785,70.72,14.36
223,Yellowknife,100,CA,light snow,2022-02-10 02:32:02,87,62.456,-114.3525,-6.59,14.97
224,Ilo,21,PE,few clouds,2022-02-10 02:35:46,78,-17.6394,-71.3375,68.5,4.34
225,Chokurdakh,100,RU,overcast clouds,2022-02-10 02:35:47,98,70.6333,147.9167,-18.8,11.99
226,Kanniyakumari,100,IN,overcast clouds,2022-02-10 02:35:47,67,8.0833,77.5667,76.89,18.79
227,Geraldton,0,AU,clear sky,2022-02-10 02:35:48,22,-28.7667,114.6,91.81,5.75
228,Laguna,0,US,clear sky,2022-02-10 02:35:48,65,38.421,-121.4238,66.49,4.61
229,Lagoa,0,PT,clear sky,2022-02-10 02:35:49,68,39.05,-27.9833,58.48,16.37
230,Lebu,42,CL,scattered clouds,2022-02-10 02:35:49,86,-37.6167,-73.65,59.76,20.69
231,Maun,12,BW,few clouds,2022-02-10 02:35:50,60,-19.9833,23.4167,68.16,1.83
232,Klaksvik,100,FO,overcast clouds,2022-02-10 02:27:24,61,62.2266,-6.589,32.92,20.42
233,Shitkino,75,RU,broken clouds,2022-02-10 02:35:50,97,56.3703,98.3543,-17.1,1.3
234,Pisco,75,PE,broken clouds,2022-02-10 02:36:51,78,-13.7,-76.2167,72.01,3.44
235,Porto Novo,1,BJ,clear sky,2022-02-10 02:36:51,90,6.4965,2.6036,82.22,4.99
236,Jiayuguan,96,CN,overcast clouds,2022-02-10 02:36:52,41,39.8167,98.3,24.4,3.36
237,Hohhot,2,CN,mist,2022-02-10 02:33:26,67,40.8106,111.6522,17.89,2.24
238,Oriximina,100,BR,overcast clouds,2022-02-10 02:36:52,95,-1.7656,-55.8661,74.44,0.83
239,Udachnyy,99,RU,overcast clouds,2022-02-10 02:36:53,83,66.4167,112.4,-2.56,2.95
240,Marystown,69,CA,broken clouds,2022-02-10 02:36:53,100,47.1666,-55.1483,34.86,8.99
241,Takoradi,11,GH,few clouds,2022-02-10 02:36:54,89,4.8845,-1.7554,77.56,5.01
242,Chuy,0,UY,clear sky,2022-02-10 02:36:54,78,-33.6971,-53.4616,64.92,8.12
243,Yulara,40,AU,scattered clouds,2022-02-10 02:36:55,25,-25.2406,130.9889,91.24,13.8
244,Kloulklubed,100,PW,overcast clouds,2022-02-10 02:28:43,80,7.0419,134.2556,82.9,10.94
245,Tual,100,ID,overcast clouds,2022-02-10 02:36:56,87,-5.6667,132.75,79.11,18.12
246,Faanui,87,PF,light rain,2022-02-10 02:36:56,75,-16.4833,-151.75,81.36,13.15
247,Zhigansk,85,RU,overcast clouds,2022-02-10 02:36:57,97,66.7697,123.3711,-30.42,8.77
248,Talnakh,100,RU,overcast clouds,2022-02-10 02:36:57,98,69.4865,88.3972,-5.8,10.58
249,Saint-Francois,0,FR,clear sky,2022-02-10 02:36:58,92,46.4154,3.9054,34.41,2.3
250,La Orilla,0,MX,clear sky,2022-02-10 02:36:58,70,17.9833,-102.2333,72.64,4.76
251,Takhtamygda,87,RU,overcast clouds,2022-02-10 02:36:59,67,54.1,123.5667,5.22,3.51
252,Margate,100,GB,overcast clouds,2022-02-10 02:36:19,89,51.3813,1.3862,48.88,3.0
253,Lensk,100,RU,overcast clouds,2022-02-10 02:36:59,91,60.7253,114.9278,-7.6,5.46
254,Hithadhoo,33,MV,scattered clouds,2022-02-10 02:37:00,73,-0.6,73.0833,81.88,11.18
255,La Union,100,PE,overcast clouds,2022-02-10 02:37:01,61,-5.4,-80.75,74.37,11.21
256,Markova,85,UA,overcast clouds,2022-02-10 02:37:01,93,48.6758,24.4138,37.0,3.58
257,Awbari,4,LY,clear sky,2022-02-10 02:37:02,64,26.5921,12.7805,43.72,10.16
258,Tuim,41,RU,scattered clouds,2022-02-10 02:37:02,94,54.3417,89.9261,-13.68,2.33
259,Sur,2,OM,clear sky,2022-02-10 02:37:02,63,22.5667,59.5289,67.01,2.28
260,Fortuna,0,US,clear sky,2022-02-10 02:37:03,75,40.5982,-124.1573,58.86,0.0
261,Talavera,19,PH,few clouds,2022-02-10 02:37:03,47,15.6167,120.9333,87.49,6.33
262,Kruisfontein,0,ZA,clear sky,2022-02-10 02:37:04,72,-34.0033,24.7314,61.41,5.79
263,Tuatapere,32,NZ,scattered clouds,2022-02-10 02:37:04,55,-46.1333,167.6833,75.81,5.08
264,Shimoda,100,JP,moderate rain,2022-02-10 02:37:05,95,34.6667,138.95,41.36,22.1
265,Pevek,99,RU,overcast clouds,2022-02-10 02:37:05,99,69.7008,170.3133,-30.96,4.81
266,Treuchtlingen,14,DE,few clouds,2022-02-10 02:37:05,84,48.95,10.9167,36.01,4.56
267,Sorland,84,NO,light rain,2022-02-10 02:37:06,75,67.667,12.6934,40.57,32.17
268,Grindavik,0,IS,clear sky,2022-02-10 02:33:55,79,63.8424,-22.4338,19.87,2.3
269,Srandakan,99,ID,moderate rain,2022-02-10 02:37:06,71,-7.9386,110.2506,82.87,12.62
270,Byron Bay,0,AU,clear sky,2022-02-10 02:37:07,51,-28.65,153.6167,84.31,9.66
271,Seoul,0,KR,clear sky,2022-02-10 02:34:43,37,37.5683,126.9778,43.21,3.44
272,Erenhot,44,CN,scattered clouds,2022-02-10 02:37:08,70,43.6475,111.9767,13.21,9.95
273,San Juan,96,AR,overcast clouds,2022-02-10 02:32:23,26,-31.5375,-68.5364,86.04,16.84
274,Kamaishi,100,JP,light snow,2022-02-10 02:37:08,87,39.2667,141.8833,29.35,6.46
275,Petropavlovsk-Kamchatskiy,75,RU,broken clouds,2022-02-10 02:37:09,64,53.0452,158.6483,27.19,0.0
276,Vizinga,100,RU,overcast clouds,2022-02-10 02:37:09,95,61.0749,50.1031,20.46,7.02
277,Popondetta,45,PG,scattered clouds,2022-02-10 02:37:10,67,-8.7537,148.2534,86.79,4.83
278,Manokwari,99,ID,overcast clouds,2022-02-10 02:37:10,78,-0.8667,134.0833,79.84,4.54
279,Lovozero,100,RU,overcast clouds,2022-02-10 02:37:10,93,68.005,35.0117,17.96,8.3
280,Beatrice,0,US,clear sky,2022-02-10 02:37:11,44,40.2681,-96.747,43.45,0.0
281,Taraz,6,KZ,clear sky,2022-02-10 02:37:11,79,42.9,71.3667,21.61,6.71
282,Peace River,100,CA,overcast clouds,2022-02-10 02:38:12,70,56.2501,-117.286,46.71,27.63
283,Mount Gambier,100,AU,overcast clouds,2022-02-10 02:38:12,40,-37.8333,140.7667,69.71,11.5
284,Merauke,83,ID,broken clouds,2022-02-10 02:38:13,72,-8.4667,140.3333,84.81,5.48
285,Altona,100,DE,overcast clouds,2022-02-10 02:38:13,97,53.55,9.9333,43.47,5.75
286,Dossor,100,KZ,overcast clouds,2022-02-10 02:38:14,85,47.5272,52.9811,29.52,19.86
287,Nokaneng,28,BW,scattered clouds,2022-02-10 02:38:14,71,-19.6667,22.2667,69.91,3.0
288,Suez,81,EG,broken clouds,2022-02-10 02:38:15,48,29.9737,32.5263,53.46,12.88
289,Togur,94,RU,overcast clouds,2022-02-10 02:38:16,99,58.3631,82.8265,-18.04,4.07
290,Bathsheba,75,BB,broken clouds,2022-02-10 02:38:16,73,13.2167,-59.5167,77.61,18.41
291,Coahuayana,0,MX,clear sky,2022-02-10 02:38:16,77,18.7333,-103.6833,67.41,2.86
292,Dabakala,0,CI,clear sky,2022-02-10 02:38:17,19,8.3667,-4.4333,74.08,3.98
293,Mabaruma,75,GY,broken clouds,2022-02-10 02:38:17,88,8.2,-59.7833,71.19,2.51
294,Peschanokopskoye,23,RU,few clouds,2022-02-10 02:38:18,87,46.1961,41.0775,30.49,7.31
295,Healdsburg,0,US,clear sky,2022-02-10 02:36:12,64,38.6105,-122.8692,65.44,3.44
296,Lavrentiya,34,RU,scattered clouds,2022-02-10 02:38:19,94,65.5833,-171.0,-25.51,8.05
297,Shieli,98,KZ,overcast clouds,2022-02-10 02:38:19,89,44.1667,66.75,30.96,5.03
298,Lozovik,0,RS,clear sky,2022-02-10 02:38:19,90,44.4677,21.1007,37.54,5.79
299,Ust-Karsk,100,RU,overcast clouds,2022-02-10 02:38:20,89,52.7011,118.8077,5.0,0.92
300,Etah,0,IN,clear sky,2022-02-10 02:38:20,79,27.6333,78.6667,53.53,4.63
301,Tiarei,19,PF,light rain,2022-02-10 02:38:21,76,-17.5333,-149.3333,84.22,14.76
302,Pouebo,100,NC,overcast clouds,2022-02-10 02:38:21,89,-20.4,164.5667,80.29,16.8
303,Florence,40,IT,scattered clouds,2022-02-10 02:33:29,90,43.7667,11.25,49.24,4.61
304,Beloha,6,MG,clear sky,2022-02-10 02:38:22,91,-25.1667,45.05,70.65,4.07
305,Port Hardy,75,CA,broken clouds,2022-02-10 02:34:44,93,50.6996,-127.4199,45.75,4.61
306,San Cristobal,97,VE,overcast clouds,2022-02-10 02:38:22,93,7.7669,-72.225,73.58,1.66
307,Vila Franca Do Campo,25,PT,scattered clouds,2022-02-10 02:38:23,80,37.7167,-25.4333,58.19,8.81
308,Kondopoga,100,RU,light snow,2022-02-10 02:38:23,95,62.2057,34.2614,29.88,7.56
309,Cap Malheureux,92,MU,overcast clouds,2022-02-10 02:38:24,77,-19.9842,57.6142,74.46,7.09
310,Poum,97,NC,overcast clouds,2022-02-10 02:38:24,87,-20.2333,164.0167,81.09,30.13
311,Novospasskoye,100,RU,snow,2022-02-10 02:38:25,96,53.1468,47.7514,24.91,9.15
312,Vilyuysk,85,RU,overcast clouds,2022-02-10 02:38:25,95,63.7553,121.6247,-28.46,1.92
313,Muli,70,MV,broken clouds,2022-02-10 02:37:53,75,2.9167,73.5667,81.07,9.06
314,Esperance,4,AU,clear sky,2022-02-10 02:38:26,51,-33.8667,121.9,78.64,11.14
315,Balikpapan,40,ID,light rain,2022-02-10 02:33:30,89,-1.2675,116.8289,79.79,4.61
316,Long Beach,0,US,clear sky,2022-02-10 02:38:00,25,33.767,-118.1892,79.68,4.61
317,Kichera,29,RU,scattered clouds,2022-02-10 02:38:27,80,55.9375,110.0997,-2.74,3.89
318,Faya,9,SA,clear sky,2022-02-10 02:38:27,74,18.3851,42.4509,55.51,2.59
319,Gladstone,40,AU,scattered clouds,2022-02-10 02:38:28,45,-23.85,151.25,85.93,11.5
320,Tocopilla,0,CL,clear sky,2022-02-10 02:38:28,67,-22.092,-70.1979,67.17,1.43
321,Fare,81,PF,broken clouds,2022-02-10 02:38:29,76,-16.7,-151.0167,81.46,13.76
322,Vila,59,PT,broken clouds,2022-02-10 02:38:29,71,42.0304,-8.1588,43.32,3.2
323,Encruzilhada,7,BR,clear sky,2022-02-10 02:38:30,98,-15.5314,-40.9094,66.58,4.09
324,Lompoc,0,US,clear sky,2022-02-10 02:36:31,39,34.6391,-120.4579,71.91,4.61
325,Sri Aman,20,MY,few clouds,2022-02-10 02:38:30,89,1.2376,111.4621,80.65,0.0
326,Poronaysk,49,RU,scattered clouds,2022-02-10 02:38:31,75,49.2167,143.1167,21.65,3.94
327,Iwanai,22,JP,few clouds,2022-02-10 02:38:31,75,42.9744,140.5089,31.48,0.98
328,Norrtalje,3,SE,clear sky,2022-02-10 02:38:32,76,59.758,18.705,36.43,15.66
329,Kumano,100,JP,overcast clouds,2022-02-10 02:39:33,79,34.3442,132.5894,48.94,1.23
330,Haines Junction,12,CA,few clouds,2022-02-10 02:39:33,60,60.7522,-137.5108,39.15,5.75
331,Manacor,0,ES,clear sky,2022-02-10 02:39:34,77,39.5696,3.2096,43.34,1.03
332,Turukhansk,67,RU,broken clouds,2022-02-10 02:39:34,99,65.8167,87.9833,-25.42,6.33
333,Daru,99,PG,overcast clouds,2022-02-10 02:39:35,72,-9.0763,143.2092,84.6,6.78
334,Liaocheng,0,CN,clear sky,2022-02-10 02:39:35,52,36.4439,115.9647,45.01,9.89
335,Mahanoro,12,MG,few clouds,2022-02-10 02:39:36,92,-19.9,48.8,75.04,1.77
336,Linping,100,CN,overcast clouds,2022-02-10 02:39:36,77,30.4225,120.2972,46.94,2.46
337,Atbasar,95,KZ,overcast clouds,2022-02-10 02:39:37,100,51.8,68.3333,-9.45,6.24
338,Oktyabrskiy,100,RU,overcast clouds,2022-02-10 02:39:37,89,54.4815,53.471,18.07,13.35
339,Chapais,100,CA,light snow,2022-02-10 02:39:38,95,49.7834,-74.8492,24.58,10.98
340,Lasa,33,IT,scattered clouds,2022-02-10 02:39:38,35,46.6166,10.7002,51.26,3.29
341,Kralendijk,75,BQ,broken clouds,2022-02-10 02:39:39,73,12.15,-68.2667,78.78,10.36
342,La Ronge,100,CA,overcast clouds,2022-02-10 02:39:40,85,55.1001,-105.2842,10.65,3.44
343,Balagansk,99,RU,overcast clouds,2022-02-10 02:39:40,91,54.0103,103.0544,-9.51,5.53
344,Taloqan,100,AF,overcast clouds,2022-02-10 02:37:48,44,36.7361,69.5345,41.9,3.47
345,Levokumskoye,100,RU,light rain,2022-02-10 02:39:41,79,44.8219,44.6606,37.04,12.28
346,Ende,100,ID,overcast clouds,2022-02-10 02:39:41,78,-8.8432,121.6623,83.79,2.53
347,Lumeje,100,AO,overcast clouds,2022-02-10 02:39:42,87,-11.55,20.7833,64.22,4.7
348,Elban,72,RU,broken clouds,2022-02-10 02:39:42,86,50.1018,136.5094,9.64,3.09
349,Kavieng,32,PG,moderate rain,2022-02-10 02:39:43,75,-2.5744,150.7967,83.21,6.98
350,Shiraz,0,IR,clear sky,2022-02-10 02:39:43,64,29.6036,52.5388,29.64,0.0
351,Chernyshevskiy,99,RU,overcast clouds,2022-02-10 02:39:44,92,63.0128,112.4714,-15.21,1.72
352,Makakilo City,40,US,scattered clouds,2022-02-10 02:39:44,60,21.3469,-158.0858,79.12,16.11
353,Ouahigouya,0,BF,clear sky,2022-02-10 02:39:45,12,13.5828,-2.4216,69.49,10.98
354,Ixtapa,0,MX,clear sky,2022-02-10 02:39:45,78,20.7,-105.2,69.22,1.01
355,Palmer,75,US,broken clouds,2022-02-10 02:38:59,75,42.1584,-72.3287,34.97,0.0
356,Storforshei,100,NO,snow,2022-02-10 02:39:46,97,66.4043,14.5233,32.67,12.17
357,Provideniya,0,RU,clear sky,2022-02-10 02:39:47,59,64.3833,-173.3,-3.89,15.66
358,Stornoway,75,GB,broken clouds,2022-02-10 02:39:48,80,58.2093,-6.3865,39.16,20.71
359,Uchiza,100,PE,overcast clouds,2022-02-10 02:39:48,97,-8.4592,-76.4633,71.15,1.97
360,Mahebourg,40,MU,scattered clouds,2022-02-10 02:39:48,94,-20.4081,57.7,74.25,2.3
361,Guerrero Negro,0,MX,clear sky,2022-02-10 02:38:47,63,27.9769,-114.0611,62.6,9.08
362,Svetlyy,73,RU,broken clouds,2022-02-10 02:39:49,91,54.675,20.1347,39.25,17.45
363,Zeya,94,RU,overcast clouds,2022-02-10 02:39:49,59,53.75,127.2667,8.33,3.09
364,Lieksa,100,FI,light snow,2022-02-10 02:39:50,96,63.3167,30.0167,29.19,8.01
365,Bombay,8,IN,smoke,2022-02-10 02:35:11,53,19.0144,72.8479,71.58,4.61
366,Vilhena,98,BR,overcast clouds,2022-02-10 02:39:08,98,-12.7406,-60.1458,67.32,2.17
367,Kamenka,43,RU,scattered clouds,2022-02-10 02:39:51,98,51.3223,42.7678,10.33,6.69
368,Valjevo,1,RS,clear sky,2022-02-10 02:39:51,86,44.2751,19.8982,41.79,6.69
369,Pitimbu,95,BR,overcast clouds,2022-02-10 02:39:52,71,-7.4706,-34.8086,77.59,10.83
370,Clonakilty,100,IE,overcast clouds,2022-02-10 02:39:52,63,51.6231,-8.8706,38.08,9.93
371,Koulamoutou,97,GA,overcast clouds,2022-02-10 02:39:52,80,-1.1303,12.4736,74.93,1.72
372,Sivas,100,TR,snow,2022-02-10 02:39:53,93,39.7916,37.0019,25.43,24.16
373,Edd,4,ER,clear sky,2022-02-10 02:39:53,48,13.9297,41.6925,78.71,18.14
374,Bereda,49,ES,scattered clouds,2022-02-10 02:39:54,97,43.2686,-7.5406,46.99,2.51
375,Kaya,0,BF,clear sky,2022-02-10 02:40:54,11,13.0917,-1.0844,70.92,9.48
376,Koungou,100,YT,moderate rain,2022-02-10 02:40:55,89,-12.7336,45.2042,80.31,11.5
377,Sungairaya,100,ID,light rain,2022-02-10 02:40:55,90,0.7,108.9,76.35,4.5
378,Buala,93,SB,moderate rain,2022-02-10 02:40:55,80,-8.145,159.5921,83.19,10.22
379,Linqiong,97,CN,overcast clouds,2022-02-10 02:40:56,76,30.4159,103.4609,40.82,1.36
380,Wanlaweyn,63,SO,broken clouds,2022-02-10 02:40:56,77,2.6185,44.8938,71.22,13.73
381,Anjangaon,6,IN,clear sky,2022-02-10 02:40:57,41,21.1631,77.3094,69.42,4.72
382,Lexington,75,US,broken clouds,2022-02-10 02:36:23,49,37.9887,-84.4777,45.95,8.05
383,Aklavik,100,CA,overcast clouds,2022-02-10 02:40:16,96,68.2191,-135.0107,-19.37,7.29
384,Palmas,100,BR,moderate rain,2022-02-10 02:40:58,94,-10.2128,-48.3603,75.07,1.14
385,Dwarka,5,IN,clear sky,2022-02-10 02:39:17,45,22.2394,68.9678,69.51,12.91
386,Vardo,100,NO,overcast clouds,2022-02-10 02:40:58,78,70.3705,31.1107,29.28,20.51
387,Iberia,0,US,clear sky,2022-02-10 02:40:59,81,29.9502,-91.7507,53.1,4.61
388,Waingapu,100,ID,overcast clouds,2022-02-10 02:40:59,74,-9.6567,120.2641,83.79,5.84
389,Lopandino,100,RU,snow,2022-02-10 02:41:00,93,52.4666,34.8163,29.88,12.17
390,Karlskrona,90,SE,overcast clouds,2022-02-10 02:41:01,84,56.1616,15.5866,37.85,15.41
391,Ahipara,100,NZ,overcast clouds,2022-02-10 02:41:01,70,-35.1667,173.1667,78.93,11.25
392,Arona,75,ES,broken clouds,2022-02-10 02:41:02,30,28.0996,-16.681,70.79,9.22
393,Namatanai,61,PG,light rain,2022-02-10 02:41:02,71,-3.6667,152.4333,84.69,6.78
394,Adil-Yangiyurt,100,RU,overcast clouds,2022-02-10 02:41:03,84,43.5633,46.5846,41.05,13.38
395,Hobyo,100,SO,overcast clouds,2022-02-10 02:41:03,72,5.3505,48.5268,75.78,20.11
396,Aguimes,0,ES,clear sky,2022-02-10 02:41:04,36,27.9054,-15.4461,69.66,4.61
397,Falun,23,SE,few clouds,2022-02-10 02:41:04,74,60.6036,15.626,34.21,14.97
398,Nelson Bay,4,AU,clear sky,2022-02-10 02:41:05,61,-32.7167,152.15,92.77,4.0
399,Shingu,100,JP,light rain,2022-02-10 02:41:05,88,33.7333,135.9833,49.19,6.6
400,Vestmanna,75,FO,broken clouds,2022-02-10 02:41:06,74,62.1564,-7.1664,31.12,16.11
401,Hovd,99,MN,overcast clouds,2022-02-10 02:41:06,92,48.0056,91.6419,-4.56,0.07
402,Forestville,0,US,clear sky,2022-02-10 02:41:07,58,38.8451,-76.875,47.34,11.5
403,Nicoya,9,CR,clear sky,2022-02-10 02:41:08,72,10.1483,-85.452,78.35,8.1
404,Capreol,100,CA,mist,2022-02-10 02:41:08,94,46.706,-80.9225,33.55,13.8
405,Ondjiva,100,AO,light rain,2022-02-10 02:41:09,89,-17.0667,15.7333,67.87,6.24
406,Gandorhun,1,SL,clear sky,2022-02-10 02:41:09,98,7.5,-11.8333,72.93,1.41
407,Kupang,94,ID,light rain,2022-02-10 02:41:10,80,-10.1667,123.5833,82.49,5.68
408,Padang,100,ID,overcast clouds,2022-02-10 02:41:10,50,-0.9492,100.3543,82.45,2.28
409,Luna,67,PH,broken clouds,2022-02-10 02:41:11,78,10.9667,123.2333,79.63,15.84
410,Kismayo,15,SO,few clouds,2022-02-10 02:41:11,82,-0.3582,42.5454,77.16,16.4
411,Humaita,99,BR,overcast clouds,2022-02-10 02:41:12,93,-7.5061,-63.0208,73.58,2.1
412,Locri,0,IT,clear sky,2022-02-10 02:41:12,76,38.2414,16.2623,53.94,10.87
413,Sechura,99,PE,overcast clouds,2022-02-10 02:41:13,68,-5.5569,-80.8222,73.06,10.58
414,Sigli,100,ID,light rain,2022-02-10 02:41:13,75,5.3848,95.9609,80.11,2.93
415,Kjollefjord,48,NO,scattered clouds,2022-02-10 02:41:14,87,70.9457,27.3465,21.38,14.12
416,Angul,6,IN,clear sky,2022-02-10 02:41:14,63,20.85,85.1,71.24,1.68
417,Atar,11,MR,few clouds,2022-02-10 02:41:14,13,20.5169,-13.0499,66.52,9.93
418,Rawlins,100,US,overcast clouds,2022-02-10 02:41:15,63,41.7911,-107.2387,35.82,10.36
419,Richmond Hill,100,CA,overcast clouds,2022-02-10 02:37:38,76,43.8711,-79.4372,38.62,9.17
420,Tigil,14,RU,few clouds,2022-02-10 02:41:16,85,57.8,158.6667,9.43,1.77
421,Boone,15,US,few clouds,2022-02-10 02:41:16,61,39.0334,-92.3335,44.85,6.71
422,Bundaberg,40,AU,scattered clouds,2022-02-10 02:42:17,49,-24.85,152.35,88.21,11.5
423,Rassvet,95,RU,overcast clouds,2022-02-10 02:42:17,95,46.8333,40.75,31.21,10.96
424,Balkhash,0,KZ,clear sky,2022-02-10 02:42:17,85,46.844,74.9804,2.01,11.18
425,Belmonte,6,BR,clear sky,2022-02-10 02:39:31,86,-15.8631,-38.8828,79.3,6.6
426,Port Hedland,8,AU,clear sky,2022-02-10 02:39:26,66,-20.3167,118.5667,89.65,16.11
427,Ahar,81,IR,broken clouds,2022-02-10 02:42:18,87,38.4774,47.0699,26.94,7.54
428,Red Wing,100,US,overcast clouds,2022-02-10 02:42:19,69,44.5625,-92.5338,29.01,8.05
429,Sola,100,VU,overcast clouds,2022-02-10 02:42:19,78,-13.8833,167.55,81.9,25.14
430,Flinders,53,AU,broken clouds,2022-02-10 02:42:19,57,-34.5833,150.8552,92.8,8.16
431,Saint Simons,0,US,clear sky,2022-02-10 02:42:20,88,31.1352,-81.3901,44.64,0.0
432,Tshikapa,100,CD,overcast clouds,2022-02-10 02:42:20,88,-6.4167,20.8,70.21,1.54
433,Soyo,87,AO,overcast clouds,2022-02-10 02:42:21,85,-6.1349,12.3689,75.69,7.7
434,Beira,3,MZ,clear sky,2022-02-10 02:38:42,92,-19.8436,34.8389,73.36,5.95
435,Carai,100,BR,overcast clouds,2022-02-10 02:42:21,96,-17.1889,-41.6947,66.34,2.13
436,Aksarayskiy,100,RU,overcast clouds,2022-02-10 02:42:22,89,46.7924,48.0119,33.75,4.74
437,Tulagi,64,SB,moderate rain,2022-02-10 02:42:22,77,-9.0996,160.1476,82.96,19.17
438,Ballina,0,AU,clear sky,2022-02-10 02:37:52,53,-28.8667,153.5667,84.38,11.5
439,Luganville,100,VU,overcast clouds,2022-02-10 02:42:23,68,-15.5333,167.1667,85.24,5.91
440,Nezhinka,0,RU,light snow,2022-02-10 02:42:23,85,51.7676,55.3694,8.76,15.66
441,Solnechnyy,98,RU,overcast clouds,2022-02-10 02:38:38,86,50.7214,136.6319,10.8,3.02
442,Bilibino,80,RU,broken clouds,2022-02-10 02:42:24,100,68.0546,166.4372,-32.69,1.52
443,Hollola,46,FI,scattered clouds,2022-02-10 02:42:24,93,61.05,25.4333,29.01,7.47
444,Cauquenes,0,CL,clear sky,2022-02-10 02:42:25,57,-35.9671,-72.3225,62.64,1.57
445,Touros,85,BR,overcast clouds,2022-02-10 02:42:25,72,-5.1989,-35.4608,81.5,8.34
446,Jalu,5,LY,clear sky,2022-02-10 02:42:26,63,29.0331,21.5482,47.93,9.1
447,Binzhou,0,CN,clear sky,2022-02-10 02:42:26,48,37.3667,118.0167,46.27,8.21
448,Port-Gentil,100,GA,overcast clouds,2022-02-10 02:42:26,80,-0.7193,8.7815,81.09,9.44
449,Lata,69,PT,broken clouds,2022-02-10 02:42:27,69,40.1629,-8.3327,47.05,3.83
450,Vila Velha,75,BR,broken clouds,2022-02-10 02:38:44,86,-20.3297,-40.2925,75.15,6.91
451,Bassar,0,TG,clear sky,2022-02-10 02:42:28,19,9.25,0.7833,71.26,1.68
452,Sabang,100,ID,overcast clouds,2022-02-10 02:42:28,74,5.8933,95.3214,81.66,13.4
453,Tanout,52,NE,broken clouds,2022-02-10 02:42:28,9,14.9709,8.8879,60.71,12.66
454,Colon,20,PA,few clouds,2022-02-10 02:42:29,85,9.3592,-79.9014,78.82,8.93
455,Toamasina,75,MG,broken clouds,2022-02-10 02:42:29,94,-18.1667,49.3833,78.8,4.61
456,Xining,98,CN,overcast clouds,2022-02-10 02:42:30,81,36.6167,101.7667,18.93,2.19
457,Erdaojiang,11,CN,few clouds,2022-02-10 02:42:31,70,41.7764,126.0319,28.8,1.5
458,Darab,0,IR,clear sky,2022-02-10 02:42:31,40,28.7519,54.5444,47.1,1.86
459,Codrington,95,AU,overcast clouds,2022-02-10 02:39:49,54,-38.2667,141.9667,66.54,14.32
460,Santa Maria,0,BR,clear sky,2022-02-10 02:42:32,78,-29.6842,-53.8069,69.1,11.5
461,Sydney,0,AU,clear sky,2022-02-10 02:41:01,51,-33.8679,151.2073,95.77,9.22
462,Nalut,3,LY,clear sky,2022-02-10 02:42:32,67,30.3333,10.85,42.78,12.26
463,Tervel,2,BG,clear sky,2022-02-10 02:42:33,78,43.75,27.4,33.57,6.13
464,Saint-Paul,62,RE,broken clouds,2022-02-10 02:42:34,80,-21.0096,55.2707,75.31,2.93
465,Catabola,100,AO,overcast clouds,2022-02-10 02:42:34,93,-12.15,17.2833,59.9,0.85
466,Meulaboh,100,ID,light rain,2022-02-10 02:42:35,87,4.1363,96.1285,75.67,8.43
467,Ust-Kulom,100,RU,light snow,2022-02-10 02:42:35,94,61.6864,53.6902,21.02,9.17
468,Anahuac,81,MX,broken clouds,2022-02-10 02:43:36,36,27.2333,-100.15,61.21,10.69
469,Grand Gaube,91,MU,overcast clouds,2022-02-10 02:43:36,76,-20.0064,57.6608,74.37,7.38
470,Kandi,27,BJ,scattered clouds,2022-02-10 02:43:37,14,11.1342,2.9386,71.56,5.32
471,Janakpur,7,NP,clear sky,2022-02-10 02:43:38,60,26.7183,85.9065,64.6,4.38
472,Caravelas,80,BR,broken clouds,2022-02-10 02:43:39,89,-17.7125,-39.2481,75.92,4.85
473,Riyadh,0,SA,clear sky,2022-02-10 02:43:40,32,24.6877,46.7219,53.74,9.73
474,Umm Kaddadah,1,SD,clear sky,2022-02-10 02:43:40,19,13.6017,26.6876,60.8,15.28
475,Saint-Georges,75,GD,broken clouds,2022-02-10 02:43:41,94,12.0564,-61.7485,74.88,17.27
476,Omboue,100,GA,overcast clouds,2022-02-10 02:43:41,90,-1.5746,9.2618,78.46,6.15
477,Coihaique,0,CL,clear sky,2022-02-10 02:43:42,66,-45.5752,-72.0662,50.61,3.44
478,Raga,7,SS,clear sky,2022-02-10 02:43:42,24,8.4596,25.678,67.44,3.91
479,Kahului,40,US,scattered clouds,2022-02-10 02:43:43,65,20.8947,-156.47,82.42,17.27
480,La Cruz,96,MX,overcast clouds,2022-02-10 02:43:43,65,23.9167,-106.9,62.58,4.97
481,Kanye,6,BW,clear sky,2022-02-10 02:43:44,49,-24.9667,25.3327,67.39,3.36
482,Rio Grande,0,BR,clear sky,2022-02-10 02:43:44,66,-32.035,-52.0986,67.95,13.96
483,Yelniki,100,RU,overcast clouds,2022-02-10 02:43:45,97,54.6207,43.876,14.29,3.11
484,Kent,100,GB,overcast clouds,2022-02-10 02:41:17,96,51.1667,0.6667,48.33,3.0
485,Camacari,0,BR,clear sky,2022-02-10 02:43:28,91,-12.6975,-38.3242,83.97,4.32
486,Calvia,0,ES,clear sky,2022-02-10 02:43:46,78,39.5657,2.5062,42.93,5.41
487,Voh,100,NC,overcast clouds,2022-02-10 02:43:46,93,-20.9667,164.7,80.28,16.11
488,Sungaipenuh,95,ID,overcast clouds,2022-02-10 02:43:47,49,-2.0833,101.3833,72.36,0.76
489,Nemuro,5,JP,clear sky,2022-02-10 02:43:47,68,43.3236,145.575,27.03,4.03
490,Kawalu,100,ID,overcast clouds,2022-02-10 02:43:47,91,-7.3817,108.2082,74.66,1.92
491,Puerto El Triunfo,73,SV,broken clouds,2022-02-10 02:43:48,62,13.2833,-88.55,81.52,4.54
492,Obo,28,CF,scattered clouds,2022-02-10 02:43:49,30,5.3998,26.4869,69.49,2.93
493,Darovskoy,100,RU,snow,2022-02-10 02:43:49,98,58.77,47.9564,22.15,4.21
494,Uarini,98,BR,overcast clouds,2022-02-10 02:43:50,98,-2.99,-65.1083,73.17,2.19
495,Mwinilunga,100,ZM,light rain,2022-02-10 02:43:50,99,-11.7358,24.4293,60.22,0.96
496,Mount Isa,40,AU,scattered clouds,2022-02-10 02:43:51,32,-20.7333,139.5,96.57,6.91
497,Thinadhoo,28,MV,scattered clouds,2022-02-10 02:43:52,73,0.5333,72.9333,81.63,10.09
498,Camacha,0,PT,clear sky,2022-02-10 02:43:53,88,33.0833,-16.3333,62.02,8.05
499,Blama,0,SL,clear sky,2022-02-10 02:43:53,98,7.8736,-11.3433,71.11,0.92
500,Felipe Carrillo Puerto,3,MX,clear sky,2022-02-10 02:43:53,91,19.5833,-88.05,65.75,3.83
501,Gbarnga,7,LR,clear sky,2022-02-10 02:43:54,99,6.9956,-9.4722,68.92,1.23
502,Redlands,0,US,clear sky,2022-02-10 02:39:13,15,34.0556,-117.1825,76.68,12.66
503,Albion,100,US,light snow,2022-02-10 02:43:55,85,42.2431,-84.753,36.19,8.05
504,Kendal,92,GB,overcast clouds,2022-02-10 02:43:55,87,54.3268,-2.7476,39.72,12.39
505,Tiksi,99,RU,overcast clouds,2022-02-10 02:43:56,93,71.6872,128.8694,-12.62,13.82
506,Ostrovnoy,96,RU,overcast clouds,2022-02-10 02:43:57,87,68.0531,39.5131,23.36,22.48
507,Parainen,5,FI,clear sky,2022-02-10 02:43:57,84,60.3067,22.301,33.15,10.92
508,Los Llanos De Aridane,0,ES,clear sky,2022-02-10 02:43:58,43,28.6585,-17.9182,67.75,5.75
509,Bilma,0,NE,clear sky,2022-02-10 02:43:59,37,18.6853,12.9164,57.04,12.26
510,Sept-Iles,75,CA,broken clouds,2022-02-10 02:41:17,89,50.2001,-66.3821,29.05,5.99
511,Gazojak,11,TM,few clouds,2022-02-10 02:44:00,62,41.1875,61.4036,37.2,11.61
512,Russell,0,US,clear sky,2022-02-10 02:44:00,65,32.3502,-85.1999,51.03,0.0
513,Gua Musang,100,MY,overcast clouds,2022-02-10 02:44:01,85,4.8823,101.9644,77.86,1.39
514,Port Macquarie,0,AU,clear sky,2022-02-10 02:45:01,45,-31.4333,152.9167,88.9,7.58
515,Kiama,45,AU,scattered clouds,2022-02-10 02:45:02,57,-34.6833,150.8667,93.0,8.75
516,Centralia,0,US,clear sky,2022-02-10 02:45:02,91,46.7162,-122.9543,51.37,0.0
517,Baykit,96,RU,overcast clouds,2022-02-10 02:45:03,93,61.67,96.37,-7.46,2.06
518,Pithoragarh,1,IN,clear sky,2022-02-10 02:45:03,75,29.5833,80.2167,37.96,2.62
519,Vaitape,87,PF,light rain,2022-02-10 02:45:04,75,-16.5167,-151.75,81.34,13.22
520,Hami,100,CN,overcast clouds,2022-02-10 02:45:04,36,42.8,93.45,28.08,6.8
521,Nuuk,100,GL,overcast clouds,2022-02-10 02:41:33,93,64.1835,-51.7216,21.81,8.05
522,Pagudpud,5,PH,clear sky,2022-02-10 02:45:05,67,18.5616,120.7868,84.16,14.97
523,Kalevala,100,RU,light snow,2022-02-10 02:45:06,97,65.2,31.1667,24.58,6.38
524,Yar-Sale,58,RU,broken clouds,2022-02-10 02:45:06,97,66.8333,70.8333,0.34,12.48
525,Asmara,10,ER,clear sky,2022-02-10 02:45:06,62,15.3333,38.9333,54.25,1.68
526,Molteno,0,ZA,clear sky,2022-02-10 02:45:07,75,-31.3968,26.3625,58.41,1.63
527,Nioro,26,GM,scattered clouds,2022-02-10 02:45:08,11,13.35,-15.75,73.89,5.57
528,Gorzow Wielkopolski,100,PL,overcast clouds,2022-02-10 02:45:08,77,52.7368,15.2288,47.59,4.0
529,Boa Vista,0,BR,clear sky,2022-02-10 02:45:08,58,2.8197,-60.6733,84.18,4.61
530,Kempen,100,DE,overcast clouds,2022-02-10 02:45:09,94,51.3667,6.4167,47.8,3.44
531,Yemtsa,94,RU,overcast clouds,2022-02-10 02:45:09,96,63.0734,40.3329,20.82,6.91
532,Sambava,100,MG,overcast clouds,2022-02-10 02:45:10,91,-14.2667,50.1667,75.51,5.08
533,Siquijor,100,PH,overcast clouds,2022-02-10 02:45:10,82,9.2142,123.515,79.86,20.24
534,Havoysund,96,NO,overcast clouds,2022-02-10 02:45:10,80,70.9963,24.6622,22.08,9.8
535,Komatipoort,2,ZA,clear sky,2022-02-10 02:45:11,97,-25.4332,31.9548,72.05,1.68
536,Tautira,34,PF,light rain,2022-02-10 02:45:11,78,-17.7333,-149.15,84.22,15.21
537,Yumen,100,CN,overcast clouds,2022-02-10 02:45:12,38,40.2833,97.2,24.8,14.05
538,Kaitangata,77,NZ,broken clouds,2022-02-10 02:45:12,85,-46.2817,169.8464,68.94,4.05
539,Coyah,42,GN,scattered clouds,2022-02-10 02:45:13,88,9.75,-13.4167,68.27,3.94
540,Palu,99,ID,overcast clouds,2022-02-10 02:45:13,72,-0.8917,119.8707,84.2,3.44
541,Saint-Pierre,0,RE,clear sky,2022-02-10 02:40:32,64,-21.3393,55.4781,74.88,8.05
542,Brigantine,0,US,clear sky,2022-02-10 02:45:14,83,39.4101,-74.3646,43.0,8.05
543,Quelimane,0,MZ,clear sky,2022-02-10 02:45:14,88,-17.8786,36.8883,76.95,0.0
544,Saint-Augustin,44,CA,scattered clouds,2022-02-10 02:45:14,85,51.226,-58.6502,21.52,10.58
545,Whitehorse,40,CA,scattered clouds,2022-02-10 02:42:48,75,60.7161,-135.0538,38.01,13.8
546,Half Moon Bay,20,US,few clouds,2022-02-10 02:45:15,51,37.4636,-122.4286,66.34,5.75
547,Worland,100,US,overcast clouds,2022-02-10 02:45:16,56,44.0169,-107.9554,39.65,8.05
548,Key Largo,93,US,overcast clouds,2022-02-10 02:44:47,78,25.0865,-80.4473,62.01,14.32
549,Yuzhno-Kurilsk,47,RU,scattered clouds,2022-02-10 02:45:17,67,44.0306,145.8556,26.44,5.93
550,Toguchin,7,RU,clear sky,2022-02-10 02:45:17,93,55.2353,84.3858,-12.05,6.55
551,Baghdad,75,IQ,broken clouds,2022-02-10 02:41:19,39,33.3406,44.4009,60.71,21.85
552,Kodinsk,69,RU,broken clouds,2022-02-10 02:45:18,97,58.6881,99.1844,-14.04,2.13
553,Amambai,9,BR,clear sky,2022-02-10 02:45:18,52,-23.1042,-55.2258,66.83,3.4
554,Yeppoon,6,AU,clear sky,2022-02-10 02:40:20,57,-23.1333,150.7333,87.58,13.24
555,Santa Cruz De La Palma,0,ES,clear sky,2022-02-10 02:45:19,43,28.6835,-17.7642,71.74,5.75
556,Kalabo,100,ZM,overcast clouds,2022-02-10 02:45:20,94,-14.97,22.6814,65.82,3.65
557,Tirat Karmel,76,IL,broken clouds,2022-02-10 02:45:20,70,32.7617,34.9719,52.63,25.05
558,Alekseyevka,99,RU,light snow,2022-02-10 02:46:20,85,50.6309,38.6903,31.33,13.24
559,Hervey Bay,0,AU,clear sky,2022-02-10 02:46:21,49,-25.2986,152.8535,87.04,8.01
560,Sao Joao Do Paraiso,100,BR,overcast clouds,2022-02-10 02:46:21,81,-15.3136,-42.0144,65.79,2.08
561,Alyangula,75,AU,broken clouds,2022-02-10 02:46:22,74,-13.8483,136.4192,89.47,10.36
562,Bose,50,IT,scattered clouds,2022-02-10 02:46:22,67,45.4612,8.0137,44.74,2.48
563,Laramie,100,US,overcast clouds,2022-02-10 02:42:39,69,41.3114,-105.5911,36.36,21.85
564,Saint-Leu,46,RE,scattered clouds,2022-02-10 02:46:23,77,-21.15,55.2833,74.26,0.4
565,Okhotsk,100,RU,overcast clouds,2022-02-10 02:46:23,75,59.3833,143.3,12.7,10.18
566,Valdivia,100,CL,overcast clouds,2022-02-10 02:46:24,70,-39.8142,-73.2459,60.89,3.09
567,Olinda,40,BR,scattered clouds,2022-02-10 02:46:24,69,-8.0089,-34.8553,82.13,6.91
568,Hofn,58,IS,broken clouds,2022-02-10 02:46:24,71,64.2539,-15.2082,21.25,17.36
569,Camiri,34,BO,scattered clouds,2022-02-10 02:46:25,53,-20.05,-63.5167,66.22,2.13
570,Samana,1,DO,clear sky,2022-02-10 02:46:25,82,19.2056,-69.3369,72.79,7.65
571,Bonthe,0,SL,clear sky,2022-02-10 02:46:26,90,7.5264,-12.505,75.92,0.31
572,Iquitos,75,PE,moderate rain,2022-02-10 02:44:10,100,-3.7481,-73.2472,73.44,3.44
573,Diapaga,3,BF,clear sky,2022-02-10 02:46:26,12,12.0708,1.7889,72.43,7.63
574,Hualmay,60,PE,broken clouds,2022-02-10 02:46:27,82,-11.0964,-77.6139,69.98,7.25
575,Yichun,100,CN,overcast clouds,2022-02-10 02:46:27,82,47.7,128.9,14.92,1.68
576,Anshun,100,CN,overcast clouds,2022-02-10 02:46:28,96,26.25,105.9333,38.7,2.66
577,Kuryk,8,KZ,clear sky,2022-02-10 02:46:28,69,43.2,51.65,38.64,8.81
578,Sao Domingos,100,BR,overcast clouds,2022-02-10 02:46:28,88,-13.3983,-46.3183,70.47,0.45
579,Laiwu,5,CN,clear sky,2022-02-10 02:46:29,61,36.1928,117.6569,41.61,5.41
580,Paamiut,100,GL,overcast clouds,2022-02-10 02:46:30,80,61.994,-49.6678,20.7,18.48
581,Tuy Hoa,74,VN,broken clouds,2022-02-10 02:42:54,82,13.0833,109.3,78.46,9.66
582,Vanimo,41,PG,scattered clouds,2022-02-10 02:46:30,72,-2.6741,141.3028,84.27,4.03
583,Floro,100,NO,light intensity shower rain,2022-02-10 02:46:31,87,61.5996,5.0328,37.24,27.63
584,Batagay-Alyta,57,RU,broken clouds,2022-02-10 02:46:31,89,67.8006,130.4114,-20.43,3.49
585,Varghis,100,RO,overcast clouds,2022-02-10 02:46:31,97,46.1333,25.5333,32.72,1.3
586,Khandagayty,98,RU,overcast clouds,2022-02-10 02:46:32,96,50.7333,92.05,-11.2,0.47
587,Radhanpur,0,IN,clear sky,2022-02-10 02:46:32,43,23.8333,71.6,63.03,7.09
588,Kamien Pomorski,100,PL,overcast clouds,2022-02-10 02:46:33,93,53.9685,14.7726,43.5,10.31
589,Fort Nelson,75,CA,broken clouds,2022-02-10 02:45:36,85,58.8053,-122.7002,9.99,3.44
590,Kieta,52,PG,moderate rain,2022-02-10 02:46:34,76,-6.2167,155.6333,84.45,8.52
591,Alice Town,100,BS,overcast clouds,2022-02-10 02:46:34,81,25.7167,-79.3,71.26,18.25
592,Maracas,63,BR,broken clouds,2022-02-10 02:46:34,91,-13.4411,-40.4308,65.59,3.53
593,Dukat,58,RU,broken clouds,2022-02-10 02:46:35,80,62.55,155.55,-10.93,3.33
594,Kropotkin,13,RU,few clouds,2022-02-10 02:46:35,87,45.4375,40.5756,31.42,5.95
595,Roros,75,NO,broken clouds,2022-02-10 02:46:36,80,62.5747,11.3842,26.44,14.97
596,Panzhihua,0,CN,clear sky,2022-02-10 02:46:36,40,26.5851,101.7128,57.6,1.1
597,Tracy,1,US,clear sky,2022-02-10 02:43:03,48,37.7397,-121.4252,64.85,2.75
598,Yarim,5,YE,clear sky,2022-02-10 02:46:37,40,14.298,44.3779,48.87,0.72
599,Ciawi,100,ID,overcast clouds,2022-02-10 02:46:37,79,-7.5117,107.9767,71.55,1.83
600,Oyem,77,GA,broken clouds,2022-02-10 02:46:38,98,1.5995,11.5793,66.69,2.46
601,Traunstein,42,DE,scattered clouds,2022-02-10 02:46:38,83,47.8833,12.65,32.49,4.38
602,Tamiahua,100,MX,overcast clouds,2022-02-10 02:46:39,85,21.2667,-97.45,64.45,5.32
603,San Luis,46,AR,scattered clouds,2022-02-10 02:42:20,36,-33.295,-66.3356,72.97,12.12
604,Waddan,71,LY,broken clouds,2022-02-10 02:46:39,57,29.1614,16.139,50.34,8.84
605,Jalingo,78,NG,broken clouds,2022-02-10 02:46:40,16,8.8833,11.3667,72.0,5.32
606,Elat,0,IL,clear sky,2022-02-10 02:46:40,58,29.5581,34.9482,51.64,9.22
607,Antalaha,61,MG,light rain,2022-02-10 02:47:41,92,-14.9003,50.2788,74.64,4.52
608,Sao Raimundo Nonato,41,BR,scattered clouds,2022-02-10 02:47:41,50,-9.0153,-42.6994,76.24,3.83
609,Pemba,20,MZ,few clouds,2022-02-10 02:47:42,94,-12.974,40.5178,75.9,3.44
610,Isangel,100,VU,moderate rain,2022-02-10 02:47:42,95,-19.55,169.2667,78.35,37.96
611,Nishihara,75,JP,broken clouds,2022-02-10 02:47:42,77,26.1842,127.7558,65.86,19.57
612,Barcelos,8,PT,clear sky,2022-02-10 02:43:10,77,41.5388,-8.6151,50.14,4.36
613,Rio Gallegos,0,AR,clear sky,2022-02-10 02:47:43,46,-51.6226,-69.2181,50.05,12.66
614,Gat,89,IL,overcast clouds,2022-02-10 02:47:44,100,31.61,34.7642,48.4,19.57
615,Caraballeda,20,VE,few clouds,2022-02-10 02:47:44,83,10.6112,-66.8522,77.07,0.0
616,Coffs Harbour,0,AU,clear sky,2022-02-10 02:46:10,38,-30.3,153.1333,88.12,6.91
617,Emmett,43,US,scattered clouds,2022-02-10 02:47:18,71,43.8735,-116.4993,41.68,4.81
618,Jishou,100,CN,overcast clouds,2022-02-10 02:47:45,89,28.3167,109.7167,40.19,1.81
619,Baldone,57,LV,broken clouds,2022-02-10 02:47:45,84,56.7428,24.3944,37.15,8.9
620,Minsk,99,BY,overcast clouds,2022-02-10 02:47:46,92,53.9,27.5667,37.15,16.02
621,Ilebo,64,CD,broken clouds,2022-02-10 02:47:46,93,-4.3167,20.5833,70.21,2.15
622,Kandalaksha,99,RU,overcast clouds,2022-02-10 02:47:47,97,67.162,32.4123,17.96,4.34
623,Hendrina,3,ZA,clear sky,2022-02-10 02:47:47,80,-26.1588,29.7153,58.28,4.81
624,Shively,100,US,overcast clouds,2022-02-10 02:47:48,57,38.2001,-85.8227,47.01,6.91
625,Juazeirinho,67,BR,broken clouds,2022-02-10 02:47:48,76,-6.8167,-38.05,76.08,7.87
626,Lujan,2,AR,clear sky,2022-02-10 02:47:48,84,-34.5703,-59.105,73.15,1.01
627,Roma,100,US,overcast clouds,2022-02-10 02:47:49,62,43.2128,-75.4557,46.26,8.05
628,Zyryanka,76,RU,broken clouds,2022-02-10 02:47:49,87,65.75,150.85,-24.9,4.09
629,Noumea,100,NC,light rain,2022-02-10 02:44:17,99,-22.2763,166.4572,84.18,20.24
630,Nichinan,71,JP,broken clouds,2022-02-10 02:47:50,65,31.6,131.3667,49.15,4.34
631,Juiz De Fora,100,BR,overcast clouds,2022-02-10 02:47:50,99,-21.7642,-43.3503,63.09,2.3
632,Esfarayen,18,IR,few clouds,2022-02-10 02:47:51,49,37.0765,57.5101,26.26,4.54
633,Cowra,83,AU,broken clouds,2022-02-10 02:47:51,36,-33.8333,148.6833,86.72,1.28
634,Pundaguitan,89,PH,overcast clouds,2022-02-10 02:47:52,78,6.3711,126.1689,81.19,12.17
635,Jimma,76,ET,broken clouds,2022-02-10 02:47:52,61,7.6667,36.8333,64.02,1.59
636,Molodizhne,19,UA,few clouds,2022-02-10 02:47:53,90,48.1773,32.6601,29.89,6.08
637,Baker City,0,US,clear sky,2022-02-10 02:43:38,86,44.7749,-117.8344,45.64,4.61
638,Jaciara,95,BR,overcast clouds,2022-02-10 02:47:53,97,-15.9653,-54.9683,70.23,0.87
639,Tecoanapa,3,MX,clear sky,2022-02-10 02:47:54,75,16.5167,-98.75,76.06,4.32
640,Batemans Bay,38,AU,scattered clouds,2022-02-10 02:47:45,65,-35.7167,150.1833,91.98,8.21
641,Naryan-Mar,100,RU,overcast clouds,2022-02-10 02:47:54,89,67.6713,53.087,14.95,22.28
642,Qasigiannguit,100,GL,overcast clouds,2022-02-10 02:47:55,91,68.8193,-51.1922,10.65,10.78
643,Genhe,99,CN,overcast clouds,2022-02-10 02:47:55,80,50.7833,121.5167,5.2,2.24
644,Brae,97,GB,overcast clouds,2022-02-10 02:47:56,76,60.3964,-1.353,39.11,17.25
645,Beyneu,100,KZ,overcast clouds,2022-02-10 02:47:56,80,45.3167,55.2,31.96,19.75
646,Charlestown,6,AU,clear sky,2022-02-10 02:47:56,56,-32.95,151.6667,93.51,3.0
647,Ucluelet,100,CA,overcast clouds,2022-02-10 02:45:36,93,48.9329,-125.5528,47.08,3.04
648,Yangambi,28,CD,scattered clouds,2022-02-10 02:47:57,93,0.8102,24.4336,68.07,2.44
649,Rawson,100,AR,overcast clouds,2022-02-10 02:47:57,86,-43.3002,-65.1023,64.47,8.52
650,Vestmannaeyjar,97,IS,overcast clouds,2022-02-10 02:47:58,71,63.4427,-20.2734,25.47,16.6
651,Tena,97,EC,overcast clouds,2022-02-10 02:47:58,95,-0.9833,-77.8167,69.3,2.19
652,Limon,8,CR,clear sky,2022-02-10 02:47:59,76,10.0,-83.0333,76.33,1.03
653,Kasongo-Lunda,82,CD,broken clouds,2022-02-10 02:48:59,92,-6.4667,16.8167,68.61,1.52
654,Rockland,33,US,scattered clouds,2022-02-10 02:49:00,84,41.1668,-74.0496,39.83,4.05
655,Stephenville Crossing,100,CA,overcast clouds,2022-02-10 02:47:04,80,48.5,-58.4318,32.13,11.5
656,Shelburne,100,CA,overcast clouds,2022-02-10 02:49:00,89,44.0787,-80.2041,36.05,12.37
657,Birao,36,CF,scattered clouds,2022-02-10 02:49:01,18,10.2849,22.7882,64.54,5.12
658,Beisfjord,100,NO,overcast clouds,2022-02-10 02:49:01,77,68.3751,17.5988,30.25,10.04
659,Tombouctou,0,ML,clear sky,2022-02-10 02:49:02,16,20.0,-3.0,60.91,12.97
660,Yeniseysk,78,RU,broken clouds,2022-02-10 02:49:02,99,58.4497,92.1703,-17.18,0.58
661,Mala,100,PE,overcast clouds,2022-02-10 02:49:03,85,-12.6581,-76.6308,69.69,5.14
662,Matamoros,68,MX,broken clouds,2022-02-10 02:49:03,25,25.5333,-103.25,55.47,3.04
663,Hirado,76,JP,broken clouds,2022-02-10 02:49:04,52,33.3597,129.5531,49.35,15.01
664,Voznesenye,100,RU,light snow,2022-02-10 02:49:04,90,61.0106,35.4781,28.62,10.2
665,Saint Anthony,100,US,overcast clouds,2022-02-10 02:47:01,74,45.0205,-93.218,26.55,19.57
666,Atambua,80,ID,light rain,2022-02-10 02:49:05,79,-9.1061,124.8925,80.82,4.34
667,Kargasok,67,RU,broken clouds,2022-02-10 02:49:05,100,59.0556,80.8572,-20.81,3.47
668,Pimentel,100,PE,overcast clouds,2022-02-10 02:49:06,75,-6.8367,-79.9342,71.49,10.25
669,Rumoi,95,JP,overcast clouds,2022-02-10 02:49:06,77,43.9344,141.6428,27.72,2.42
670,Ombessa,61,CM,broken clouds,2022-02-10 02:49:07,96,4.603,11.2565,67.46,2.04
671,West Bay,20,KY,few clouds,2022-02-10 02:49:07,85,19.3667,-81.4167,78.01,2.3
672,Brenham,0,US,clear sky,2022-02-10 02:49:08,47,30.1669,-96.3977,57.04,0.0
673,Bairiki,40,KI,scattered clouds,2022-02-10 02:49:08,74,1.3292,172.9752,86.0,10.36
674,Ledyard,0,US,clear sky,2022-02-10 02:49:09,90,41.4398,-72.0142,36.1,0.0
675,Evensk,80,RU,broken clouds,2022-02-10 02:49:09,77,61.95,159.2333,-5.19,1.1
676,Aljezur,94,PT,overcast clouds,2022-02-10 02:49:10,73,37.3191,-8.8033,51.93,4.27
